{"cameraMode":{"drawMode":0,"name":"Shaded","section":"Shading Mode"},"sceneLighting":true,"audioPlay":false,"sceneViewState":{"showFog":true,"showMaterialUpdate":false,"showSkybox":true,"showFlares":true,"showImageEffects":true,"showParticleSystems":true},"in2DMode":false,"pivot":{"x":33.288814544677737,"y":1.7177467346191407,"z":14.175559043884278},"rotation":{"x":-0.4060789942741394,"y":-0.22830575704574586,"z":0.10545486211776734,"w":-0.8786728382110596},"size":34.8909797668457,"orthographic":false}