{"cameraMode":{"drawMode":0,"name":"Shaded","section":"Shading Mode"},"sceneLighting":true,"audioPlay":false,"sceneViewState":{"showFog":true,"showMaterialUpdate":false,"showSkybox":true,"showFlares":true,"showImageEffects":true,"showParticleSystems":true},"in2DMode":false,"pivot":{"x":529.9925537109375,"y":-143.81027221679688,"z":-130.71871948242188},"rotation":{"x":0.073665551841259,"y":0.8065968751907349,"z":-0.10291051864624024,"w":0.5774164795875549},"size":594.3566284179688,"orthographic":false}