{"cameraMode":{"drawMode":0,"name":"Shaded","section":"Shading Mode"},"sceneLighting":false,"audioPlay":false,"sceneViewState":{"showFog":true,"showMaterialUpdate":false,"showSkybox":false,"showFlares":true,"showImageEffects":true,"showParticleSystems":true},"in2DMode":false,"pivot":{"x":434.92816162109377,"y":248.875,"z":23.629676818847658},"rotation":{"x":0.03181871026754379,"y":0.2956649959087372,"z":-0.009839254431426525,"w":0.954747200012207},"size":61.00221633911133,"orthographic":false}