{"cameraMode":{"drawMode":0,"name":"Shaded","section":"Shading Mode"},"sceneLighting":true,"audioPlay":false,"sceneViewState":{"showFog":true,"showMaterialUpdate":false,"showSkybox":true,"showFlares":true,"showImageEffects":true,"showParticleSystems":true},"in2DMode":false,"pivot":{"x":3.802340507507324,"y":1.3785254955291749,"z":-23.158510208129884},"rotation":{"x":-0.1388237029314041,"y":-0.34231847524642947,"z":0.05120359733700752,"w":-0.9279388785362244},"size":10.042860984802246,"orthographic":false}