{"cameraMode":{"drawMode":0,"name":"Shaded","section":"Shading Mode"},"sceneLighting":false,"audioPlay":false,"sceneViewState":{"showFog":true,"showMaterialUpdate":false,"showSkybox":false,"showFlares":true,"showImageEffects":true,"showParticleSystems":true},"in2DMode":false,"pivot":{"x":2.617906093597412,"y":2.7077460289001467,"z":0.7868921756744385},"rotation":{"x":0.10719766467809677,"y":-0.005018949508666992,"z":0.0005412062746472657,"w":0.9942864775657654},"size":2.8578836917877199,"orthographic":false}