{"cameraMode":{"drawMode":0,"name":"Shaded","section":"Shading Mode"},"sceneLighting":true,"audioPlay":false,"sceneViewState":{"showFog":true,"showMaterialUpdate":false,"showSkybox":true,"showFlares":true,"showImageEffects":true,"showParticleSystems":true},"in2DMode":false,"pivot":{"x":430.74188232421877,"y":200.13531494140626,"z":7.82071590423584},"rotation":{"x":0.24281233549118043,"y":-0.07526791840791702,"z":0.01891574263572693,"w":0.9670551419258118},"size":601.7057495117188,"orthographic":false}