{"cameraMode":{"drawMode":0,"name":"Shaded","section":"Shading Mode"},"sceneLighting":false,"audioPlay":false,"sceneViewState":{"showFog":true,"showMaterialUpdate":false,"showSkybox":false,"showFlares":true,"showImageEffects":true,"showParticleSystems":true},"in2DMode":false,"pivot":{"x":-1.8451838493347169,"y":0.4823448061943054,"z":7.809967041015625},"rotation":{"x":-0.5446890592575073,"y":0.44414612650871279,"z":-0.40773266553878786,"w":-0.5836693048477173},"size":8.175451278686524,"orthographic":false}