{"cameraMode":{"drawMode":0,"name":"Shaded","section":"Shading Mode"},"sceneLighting":false,"audioPlay":false,"sceneViewState":{"showFog":true,"showMaterialUpdate":false,"showSkybox":false,"showFlares":true,"showImageEffects":true,"showParticleSystems":true},"in2DMode":false,"pivot":{"x":-4.166849136352539,"y":0.34735190868377688,"z":0.7072068452835083},"rotation":{"x":-0.5446890592575073,"y":0.44414612650871279,"z":-0.40773266553878786,"w":-0.5836693048477173},"size":5.480974197387695,"orthographic":false}