{"cameraMode":{"drawMode":0,"name":"Shaded","section":"Shading Mode"},"sceneLighting":true,"audioPlay":false,"sceneViewState":{"showFog":true,"showMaterialUpdate":false,"showSkybox":true,"showFlares":true,"showImageEffects":true,"showParticleSystems":true},"in2DMode":false,"pivot":{"x":0.7119110822677612,"y":-1.8627362251281739,"z":-11.52582836151123},"rotation":{"x":-0.1891874372959137,"y":-0.042416177690029147,"z":0.008462876081466675,"w":-0.9811342358589172},"size":22.0,"orthographic":false}