{"cameraMode":{"drawMode":0,"name":"Shaded","section":"Shading Mode"},"sceneLighting":true,"audioPlay":false,"sceneViewState":{"showFog":true,"showMaterialUpdate":false,"showSkybox":true,"showFlares":true,"showImageEffects":true,"showParticleSystems":true},"in2DMode":false,"pivot":{"x":211.5889892578125,"y":78.27396392822266,"z":356.5113525390625},"rotation":{"x":0.11462116241455078,"y":0.8560897707939148,"z":-0.4607115387916565,"w":0.20678555965423585},"size":1.363710641860962,"orthographic":false}