{"cameraMode":{"drawMode":0,"name":"Shaded","section":"Shading Mode"},"sceneLighting":false,"audioPlay":false,"sceneViewState":{"showFog":true,"showMaterialUpdate":false,"showSkybox":false,"showFlares":true,"showImageEffects":true,"showParticleSystems":true},"in2DMode":false,"pivot":{"x":1.1454743146896363,"y":0.7999999523162842,"z":0.10644549131393433},"rotation":{"x":-0.15764452517032624,"y":0.7815958261489868,"z":-0.21910062432289124,"w":-0.5623647570610046},"size":2.988276958465576,"orthographic":false}