{"cameraMode":{"drawMode":0,"name":"Shaded","section":"Shading Mode"},"sceneLighting":false,"audioPlay":false,"sceneViewState":{"showFog":true,"showMaterialUpdate":false,"showSkybox":false,"showFlares":true,"showImageEffects":true,"showParticleSystems":true},"in2DMode":false,"pivot":{"x":12.66916275024414,"y":7.066096305847168,"z":20.429594039916993},"rotation":{"x":-0.5446890592575073,"y":0.44414612650871279,"z":-0.40773266553878786,"w":-0.5836693048477173},"size":67.85072326660156,"orthographic":false}