{"cameraMode":{"drawMode":0,"name":"Shaded","section":"Shading Mode"},"sceneLighting":false,"audioPlay":false,"sceneViewState":{"showFog":true,"showMaterialUpdate":false,"showSkybox":false,"showFlares":true,"showImageEffects":true,"showParticleSystems":true},"in2DMode":false,"pivot":{"x":-1.7220468521118165,"y":1.781989574432373,"z":5.49879264831543},"rotation":{"x":0.4319200813770294,"y":-0.43350765109062197,"z":0.2484605759382248,"w":0.7513795495033264},"size":6.853561878204346,"orthographic":false}