{"cameraMode":{"drawMode":0,"name":"Shaded","section":"Shading Mode"},"sceneLighting":false,"audioPlay":false,"sceneViewState":{"showFog":true,"showMaterialUpdate":false,"showSkybox":false,"showFlares":true,"showImageEffects":true,"showParticleSystems":true},"in2DMode":false,"pivot":{"x":95.36077117919922,"y":244.41799926757813,"z":252.79489135742188},"rotation":{"x":0.15864060819149018,"y":0.0047528380528092388,"z":-0.0007535421173088253,"w":0.9873583316802979},"size":443.35601806640627,"orthographic":false}