{"cameraMode":{"drawMode":0,"name":"Shaded","section":"Shading Mode"},"sceneLighting":false,"audioPlay":false,"sceneViewState":{"showFog":true,"showMaterialUpdate":false,"showSkybox":false,"showFlares":true,"showImageEffects":true,"showParticleSystems":true},"in2DMode":false,"pivot":{"x":-13.869153022766114,"y":-13.47709846496582,"z":-2.3404641151428224},"rotation":{"x":0.275223046541214,"y":-0.7103315591812134,"z":0.3704151213169098,"w":0.5323879718780518},"size":4.285938262939453,"orthographic":false}