{"cameraMode":{"drawMode":0,"name":"Shaded","section":"Shading Mode"},"sceneLighting":false,"audioPlay":false,"sceneViewState":{"showFog":true,"showMaterialUpdate":false,"showSkybox":true,"showFlares":true,"showImageEffects":true,"showParticleSystems":true},"in2DMode":false,"pivot":{"x":-5.558925151824951,"y":0.6101326942443848,"z":-2.6930348873138429},"rotation":{"x":0.07335489243268967,"y":0.5389416217803955,"z":-0.04715928062796593,"w":0.8379253149032593},"size":1.1091541051864625,"orthographic":false}