{"cameraMode":{"drawMode":0,"name":"Shaded","section":"Shading Mode"},"sceneLighting":false,"audioPlay":false,"sceneViewState":{"showFog":true,"showMaterialUpdate":false,"showSkybox":true,"showFlares":true,"showImageEffects":true,"showParticleSystems":true},"in2DMode":false,"pivot":{"x":-28.110271453857423,"y":9.695280075073243,"z":-3.7666945457458498},"rotation":{"x":-0.07683056592941284,"y":-0.7707939743995667,"z":-0.09568119049072266,"w":0.6254079937934876},"size":21.9554500579834,"orthographic":false}