{"cameraMode":{"drawMode":0,"name":"Shaded","section":"Shading Mode"},"sceneLighting":false,"audioPlay":false,"sceneViewState":{"showFog":true,"showMaterialUpdate":false,"showSkybox":true,"showFlares":true,"showImageEffects":true,"showParticleSystems":true},"in2DMode":false,"pivot":{"x":-1.3600834608078004,"y":-2.24503755569458,"z":6.436530590057373},"rotation":{"x":-0.20212405920028687,"y":0.08536255359649658,"z":-0.01768440753221512,"w":-0.9754995703697205},"size":10.0,"orthographic":false}