{"cameraMode":{"drawMode":0,"name":"Shaded","section":"Shading Mode"},"sceneLighting":false,"audioPlay":false,"sceneViewState":{"showFog":true,"showMaterialUpdate":false,"showSkybox":true,"showFlares":true,"showImageEffects":true,"showParticleSystems":true},"in2DMode":false,"pivot":{"x":-1.9778592586517335,"y":-1.3470866680145264,"z":6.654041767120361},"rotation":{"x":-0.15460866689682008,"y":0.11559197306632996,"z":-0.018213137984275819,"w":-0.9810490012168884},"size":10.0,"orthographic":false}