{"cameraMode":{"drawMode":0,"name":"Shaded","section":"Shading Mode"},"sceneLighting":false,"audioPlay":false,"sceneViewState":{"showFog":true,"showMaterialUpdate":false,"showSkybox":true,"showFlares":true,"showImageEffects":true,"showParticleSystems":true},"in2DMode":false,"pivot":{"x":-1.073202133178711,"y":2.494584560394287,"z":4.019193172454834},"rotation":{"x":0.09462463855743408,"y":-0.8820058107376099,"z":0.20246267318725587,"w":0.41567525267601015},"size":4.286825656890869,"orthographic":false}