{"cameraMode":{"drawMode":0,"name":"Shaded","section":"Shading Mode"},"sceneLighting":false,"audioPlay":false,"sceneViewState":{"showFog":true,"showMaterialUpdate":false,"showSkybox":true,"showFlares":true,"showImageEffects":true,"showParticleSystems":true},"in2DMode":false,"pivot":{"x":21.421510696411134,"y":-12.67049789428711,"z":-0.2561981678009033},"rotation":{"x":0.21456210315227509,"y":0.7253717184066773,"z":-0.2615208923816681,"w":0.5998811721801758},"size":35.2348518371582,"orthographic":false}