{"cameraMode":{"drawMode":0,"name":"Shaded","section":"Shading Mode"},"sceneLighting":false,"audioPlay":false,"sceneViewState":{"showFog":true,"showMaterialUpdate":false,"showSkybox":true,"showFlares":true,"showImageEffects":true,"showParticleSystems":true},"in2DMode":false,"pivot":{"x":-5.434165954589844,"y":4.211173057556152,"z":2.7381110191345217},"rotation":{"x":0.05130491033196449,"y":0.9463409185409546,"z":-0.25732871890068056,"w":0.188678577542305},"size":1.7728415727615357,"orthographic":false}